F1,TP,Total pred,Total spindle
0.06579849211788898,48.0,773.0,686.0
0.0,0.0,36.0,686.0
0.13273978146499396,164.0,1785.0,686.0
0.053299492385786795,21.0,102.0,686.0
0.09028194361127774,301.0,5982.0,686.0
